Workbook
Name CONFIDENCIALIDAD: Leyenda!$C$10:$C$12
Name DISPONIBILIDAD: Leyenda!$B$10:$B$13
Name INTEGRIDAD: Leyenda!$D$10:$D$12

Sheet Leyenda
B5: DISPONIBILIDAD | C5: CONFIDENCIALIDAD | D5: INTEGRIDAD | E5: AUTENTICIDAD | F5: TRAZABILIDAD
B6: Consecuencias que tendría el que una persona autorizada no pudiera usar la aplicación/servicio cuando lo necesita. | C6: Consecuencias que tendría el que una persona no autorizada acceda a los datos de la aplicación/servicio. | D6: Posibilidad de que la información quede incompleta o inexacta | E6: Consecuencias que tendría el hecho de que la información no fuera auténtica | F6: Consecuencias que tendría el no poder rastrear a posteriori quién ha accedido o modificado una cierta información
B8: CRITERIOS DISPONIBILIDAD | C8: CRITERIOS DATOS CONFIDENCIALIDAD | D8: CRITRIOS DATOS INTEGRIDAD | E8: CRITERIOS AUTENTICIDAD | F8: CRITERIOS TRAZABILIDAD
A10: ALTO | B10: <4 horas | C10: * La información que se maneja deben conocerla un número muy reducido de personas. * Causaría pérdidas económicas elevadas o alteraciones financieras significativas. | D10: * Grave daño, de difícil o imposible reparación al usuario | E10: *Alto:por disposición legal o administrativa; porque la falsedad causaría un grave daño, pérdidas económicas elevadas,daño reputacional o protestas masivas | F10: * Impediría la capacidad de subsanar un error grave. * Impediría la capacidad para perseguir delitos. * Facilitaría enormemente la comisión de delitos graves.
A11: MEDIO | B11: >=4 horas & < 1 día | C11: * La información que se maneja deben conocerla solo quienes lo necesitan para su trabajo, con autorización explícita. * Causaría pérdidas económicas importantes. | D11: * Daño importante al usuario pero subsanable | E11: * Medio: por disposición legal o administrativa; porque la falsedad causaría perdidas económicas importantes, daño reputacional importante o protestas públicas. | F11: * Dificultaría gravemente la capacidad de subsanar un error grave. * Impediría la capacidad de subsanar un error importante. * Dificultaría gravemente la capacidad para perseguir delitos. * Facilitaría la comisión de delitos.
A12: BAJO | B12: 1-5 días | C12: * La información que se maneja no deben conocerla personas ajenas a la organización. * Causaría pérdidas económicas apreciables. | D12: * Algún perjuicio al usuario | E12: * Algún perjuicio, pérdidas económicas apreciables, daño reputacional apreciable o protestas individuales | F12: * Dificultaría la capacidad de subsanar errores. * Dificultaría la capacidad para perseguir delitos.
A13: SIN VALORAR | B13: >5 días | C13: * Información de carácter público, accesible por cualquier persona | D13: * Cuando los errores en la información que se maneja carecen de consecuencias o son fácil y rápidamente reparables. | E13: *Bajo: por disposición legal o administrativa; porque la falsedad causaría algún perjuicio, pérdidas económicas apreciables, daño reputacional apreciable o protestas individuales | F13: * No se pueden producir errores de importancia, o sin fácilmente reparables por otros medios. * No se pueden perpetrar delitos relevantes, o su investigación es fácilmente realizable por otros medios.

Sheet Sistema-Servicios
A1: SISTEMA DE INFORMACIÓN | B1: SERVICIO | C1: OBSERVACIONES | D1: CRITERIOS DISPONIBILIDAD | E1: CRITERIOS DATOS CONFIDENCIALIDAD | F1: CRITERIOS DATOS INTEGRIDAD | G1: CRITERIOS AUTENTICIDAD | H1: CRITERIOS TRAZABILIDAD | I1: D | J1: C | K1: I | L1: A | M1: T | N1: CATEGORIZACIÓN
A2: [SIS-SIH] Sistema de Informacion Hospitalario | B2: [SI-INF] Servicio Infraestructura | C2: Comentarios | D2: >=4 horas & < 1 día | E2: * La información que se maneja deben conocerla solo quienes lo necesitan para su trabajo, con autorización explícita. * Causaría pérdidas económicas importantes. | F2: * Daño importante al usuario pero subsanable | G2: * Medio: por disposición legal o administrativa; porque la falsedad causaría perdidas económicas importantes, daño reputacional importante o protestas públicas. | H2: * Dificultaría gravemente la capacidad de subsanar un error grave. * Impediría la capacidad de subsanar un error importante. * Dificultaría gravemente la capacidad para perseguir delitos. * Facilitaría la comisión de delitos. | I2: =IF('Sistema-Servicios'!D2=Leyenda!$B$10,"ALTO",IF('Sistema-Servicios'!D2=Leyenda!$B$11,"MEDIO",IF('Sistema-Servicios'!D2=Leyenda!$B$12,"BAJO",IF('Sistema-Servicios'!D2=Leyenda!$B$13,"NO APLICA",)))) -> MEDIO | J2: =IF('Sistema-Servicios'!E2=Leyenda!$C$10,"ALTO",IF('Sistema-Servicios'!E2=Leyenda!$C$11,"MEDIO",IF('Sistema-Servicios'!E2=Leyenda!$C$12,"BAJO",IF('Sistema-Servicios'!E2=Leyenda!$B$13,"""NOAPLICA",)))) -> MEDIO | K2: =IF('Sistema-Servicios'!F2=Leyenda!$D$10,"ALTO",IF('Sistema-Servicios'!F2=Leyenda!$D$11,"MEDIO",IF('Sistema-Servicios'!F2=Leyenda!$D$12,"BAJO",IF('Sistema-Servicios'!F2=Leyenda!$B$13,"""NOAPLICA",)))) -> MEDIO | L2: =IF('Sistema-Servicios'!G2=Leyenda!$E$10,"ALTO",IF('Sistema-Servicios'!G2=Leyenda!$E$11,"MEDIO",IF('Sistema-Servicios'!G2=Leyenda!$E$12,"BAJO",))) -> MEDIO | M2: =IF('Sistema-Servicios'!H2=Leyenda!$F$10,"ALTO",IF('Sistema-Servicios'!H2=Leyenda!$F$11,"MEDIO",IF('Sistema-Servicios'!H2=Leyenda!$F$12,"BAJO",))) -> MEDIO | N2: =IF(OR(I2="ALTO",K2="ALTO",J2="ALTO",L2="ALTO",M2="ALTO"),"ALTO",IF(OR(I2="MEDIO",K2="MEDIO",J2="MEDIO",L2="MEDIO",M2="MEDIO",),"MEDIO","BAJO")) -> MEDIO
A3: [SIS-SIH] Sistema de Informacion Hospitalario | B3: [SI-CAU] Servicio Soporte a Usuarios | C3: Comentarios | D3: 1-5 días | E3: * La información que se maneja no deben conocerla personas ajenas a la organización. * Causaría pérdidas económicas apreciables. | F3: * Algún perjuicio al usuario | G3: * Algún perjuicio, pérdidas económicas apreciables, daño reputacional apreciable o protestas individuales | H3: * Dificultaría la capacidad de subsanar errores. * Dificultaría la capacidad para perseguir delitos. | I3: =IF('Sistema-Servicios'!D3=Leyenda!$B$10,"ALTO",IF('Sistema-Servicios'!D3=Leyenda!$B$11,"MEDIO",IF('Sistema-Servicios'!D3=Leyenda!$B$12,"BAJO",IF('Sistema-Servicios'!D3=Leyenda!$B$13,"NO APLICA",)))) -> BAJO | J3: =IF('Sistema-Servicios'!E3=Leyenda!$C$10,"ALTO",IF('Sistema-Servicios'!E3=Leyenda!$C$11,"MEDIO",IF('Sistema-Servicios'!E3=Leyenda!$C$12,"BAJO",IF('Sistema-Servicios'!E3=Leyenda!$B$13,"""NOAPLICA",)))) -> BAJO | K3: =IF('Sistema-Servicios'!F3=Leyenda!$D$10,"ALTO",IF('Sistema-Servicios'!F3=Leyenda!$D$11,"MEDIO",IF('Sistema-Servicios'!F3=Leyenda!$D$12,"BAJO",IF('Sistema-Servicios'!F3=Leyenda!$B$13,"""NOAPLICA",)))) -> BAJO | L3: =IF('Sistema-Servicios'!G3=Leyenda!$E$10,"ALTO",IF('Sistema-Servicios'!G3=Leyenda!$E$11,"MEDIO",IF('Sistema-Servicios'!G3=Leyenda!$E$12,"BAJO",))) -> BAJO | M3: =IF('Sistema-Servicios'!H3=Leyenda!$F$10,"ALTO",IF('Sistema-Servicios'!H3=Leyenda!$F$11,"MEDIO",IF('Sistema-Servicios'!H3=Leyenda!$F$12,"BAJO",))) -> BAJO | N3: =IF(OR(I3="ALTO",K3="ALTO",J3="ALTO",L3="ALTO",M3="ALTO"),"ALTO",IF(OR(I3="MEDIO",K3="MEDIO",J3="MEDIO",L3="MEDIO",M3="MEDIO",),"MEDIO","BAJO")) -> BAJO
A4: [SIS-SIH] Sistema de Informacion Hospitalario | B4: [SI-APLI] Servicio Aplicaciones | C4: Comentarios | D4: 1-5 días | E4: * La información que se maneja no deben conocerla personas ajenas a la organización. * Causaría pérdidas económicas apreciables. | F4: * Algún perjuicio al usuario | G4: * Algún perjuicio, pérdidas económicas apreciables, daño reputacional apreciable o protestas individuales | H4: * Dificultaría la capacidad de subsanar errores. * Dificultaría la capacidad para perseguir delitos. | I4: =IF('Sistema-Servicios'!D4=Leyenda!$B$10,"ALTO",IF('Sistema-Servicios'!D4=Leyenda!$B$11,"MEDIO",IF('Sistema-Servicios'!D4=Leyenda!$B$12,"BAJO",IF('Sistema-Servicios'!D4=Leyenda!$B$13,"NO APLICA",)))) -> BAJO | J4: =IF('Sistema-Servicios'!E4=Leyenda!$C$10,"ALTO",IF('Sistema-Servicios'!E4=Leyenda!$C$11,"MEDIO",IF('Sistema-Servicios'!E4=Leyenda!$C$12,"BAJO",IF('Sistema-Servicios'!E4=Leyenda!$B$13,"""NOAPLICA",)))) -> BAJO | K4: =IF('Sistema-Servicios'!F4=Leyenda!$D$10,"ALTO",IF('Sistema-Servicios'!F4=Leyenda!$D$11,"MEDIO",IF('Sistema-Servicios'!F4=Leyenda!$D$12,"BAJO",IF('Sistema-Servicios'!F4=Leyenda!$B$13,"""NOAPLICA",)))) -> BAJO | L4: =IF('Sistema-Servicios'!G4=Leyenda!$E$10,"ALTO",IF('Sistema-Servicios'!G4=Leyenda!$E$11,"MEDIO",IF('Sistema-Servicios'!G4=Leyenda!$E$12,"BAJO",))) -> BAJO | M4: =IF('Sistema-Servicios'!H4=Leyenda!$F$10,"ALTO",IF('Sistema-Servicios'!H4=Leyenda!$F$11,"MEDIO",IF('Sistema-Servicios'!H4=Leyenda!$F$12,"BAJO",))) -> BAJO | N4: =IF(OR(I4="ALTO",K4="ALTO",J4="ALTO",L4="ALTO",M4="ALTO"),"ALTO",IF(OR(I4="MEDIO",K4="MEDIO",J4="MEDIO",L4="MEDIO",M4="MEDIO",),"MEDIO","BAJO")) -> BAJO
A5: [SIS-SIH] Sistema de Informacion Hospitalario | I5: =IF('Sistema-Servicios'!D5=Leyenda!$B$10,"ALTO",IF('Sistema-Servicios'!D5=Leyenda!$B$11,"MEDIO",IF('Sistema-Servicios'!D5=Leyenda!$B$12,"BAJO",IF('Sistema-Servicios'!D5=Leyenda!$B$13,"NO APLICA",)))) -> 0 | J5: =IF('Sistema-Servicios'!E5=Leyenda!$C$10,"ALTO",IF('Sistema-Servicios'!E5=Leyenda!$C$11,"MEDIO",IF('Sistema-Servicios'!E5=Leyenda!$C$12,"BAJO",IF('Sistema-Servicios'!E5=Leyenda!$B$13,"""NOAPLICA",)))) -> 0 | K5: =IF('Sistema-Servicios'!F5=Leyenda!$D$10,"ALTO",IF('Sistema-Servicios'!F5=Leyenda!$D$11,"MEDIO",IF('Sistema-Servicios'!F5=Leyenda!$D$12,"BAJO",IF('Sistema-Servicios'!F5=Leyenda!$B$13,"""NOAPLICA",)))) -> 0 | L5: =IF('Sistema-Servicios'!G5=Leyenda!$E$10,"ALTO",IF('Sistema-Servicios'!G5=Leyenda!$E$11,"MEDIO",IF('Sistema-Servicios'!G5=Leyenda!$E$12,"BAJO",))) -> 0 | M5: =IF('Sistema-Servicios'!H5=Leyenda!$F$10,"ALTO",IF('Sistema-Servicios'!H5=Leyenda!$F$11,"MEDIO",IF('Sistema-Servicios'!H5=Leyenda!$F$12,"BAJO",))) -> 0 | N5: =IF(OR(I5="ALTO",K5="ALTO",J5="ALTO",L5="ALTO",M5="ALTO"),"ALTO",IF(OR(I5="MEDIO",K5="MEDIO",J5="MEDIO",L5="MEDIO",M5="MEDIO",),"MEDIO","BAJO")) -> BAJO
A6: [SIS-SIH] Sistema de Informacion Hospitalario | I6: =IF('Sistema-Servicios'!D6=Leyenda!$B$10,"ALTO",IF('Sistema-Servicios'!D6=Leyenda!$B$11,"MEDIO",IF('Sistema-Servicios'!D6=Leyenda!$B$12,"BAJO",IF('Sistema-Servicios'!D6=Leyenda!$B$13,"NO APLICA",)))) -> 0 | J6: =IF('Sistema-Servicios'!E6=Leyenda!$C$10,"ALTO",IF('Sistema-Servicios'!E6=Leyenda!$C$11,"MEDIO",IF('Sistema-Servicios'!E6=Leyenda!$C$12,"BAJO",IF('Sistema-Servicios'!E6=Leyenda!$B$13,"""NOAPLICA",)))) -> 0 | K6: =IF('Sistema-Servicios'!F6=Leyenda!$D$10,"ALTO",IF('Sistema-Servicios'!F6=Leyenda!$D$11,"MEDIO",IF('Sistema-Servicios'!F6=Leyenda!$D$12,"BAJO",IF('Sistema-Servicios'!F6=Leyenda!$B$13,"""NOAPLICA",)))) -> 0 | L6: =IF('Sistema-Servicios'!G6=Leyenda!$E$10,"ALTO",IF('Sistema-Servicios'!G6=Leyenda!$E$11,"MEDIO",IF('Sistema-Servicios'!G6=Leyenda!$E$12,"BAJO",))) -> 0 | M6: =IF('Sistema-Servicios'!H6=Leyenda!$F$10,"ALTO",IF('Sistema-Servicios'!H6=Leyenda!$F$11,"MEDIO",IF('Sistema-Servicios'!H6=Leyenda!$F$12,"BAJO",))) -> 0 | N6: =IF(OR(I6="ALTO",K6="ALTO",J6="ALTO",L6="ALTO",M6="ALTO"),"ALTO",IF(OR(I6="MEDIO",K6="MEDIO",J6="MEDIO",L6="MEDIO",M6="MEDIO",),"MEDIO","BAJO")) -> BAJO
A7: [SIS-SIH] Sistema de Informacion Hospitalario | I7: =IF('Sistema-Servicios'!D7=Leyenda!$B$10,"ALTO",IF('Sistema-Servicios'!D7=Leyenda!$B$11,"MEDIO",IF('Sistema-Servicios'!D7=Leyenda!$B$12,"BAJO",IF('Sistema-Servicios'!D7=Leyenda!$B$13,"NO APLICA",)))) -> 0 | J7: =IF('Sistema-Servicios'!E7=Leyenda!$C$10,"ALTO",IF('Sistema-Servicios'!E7=Leyenda!$C$11,"MEDIO",IF('Sistema-Servicios'!E7=Leyenda!$C$12,"BAJO",IF('Sistema-Servicios'!E7=Leyenda!$B$13,"""NOAPLICA",)))) -> 0 | K7: =IF('Sistema-Servicios'!F7=Leyenda!$D$10,"ALTO",IF('Sistema-Servicios'!F7=Leyenda!$D$11,"MEDIO",IF('Sistema-Servicios'!F7=Leyenda!$D$12,"BAJO",IF('Sistema-Servicios'!F7=Leyenda!$B$13,"""NOAPLICA",)))) -> 0 | L7: =IF('Sistema-Servicios'!G7=Leyenda!$E$10,"ALTO",IF('Sistema-Servicios'!G7=Leyenda!$E$11,"MEDIO",IF('Sistema-Servicios'!G7=Leyenda!$E$12,"BAJO",))) -> 0 | M7: =IF('Sistema-Servicios'!H7=Leyenda!$F$10,"ALTO",IF('Sistema-Servicios'!H7=Leyenda!$F$11,"MEDIO",IF('Sistema-Servicios'!H7=Leyenda!$F$12,"BAJO",))) -> 0 | N7: =IF(OR(I7="ALTO",K7="ALTO",J7="ALTO",L7="ALTO",M7="ALTO"),"ALTO",IF(OR(I7="MEDIO",K7="MEDIO",J7="MEDIO",L7="MEDIO",M7="MEDIO",),"MEDIO","BAJO")) -> BAJO
A8: [SIS-SIH] Sistema de Informacion Hospitalario | I8: =IF('Sistema-Servicios'!D8=Leyenda!$B$10,"ALTO",IF('Sistema-Servicios'!D8=Leyenda!$B$11,"MEDIO",IF('Sistema-Servicios'!D8=Leyenda!$B$12,"BAJO",IF('Sistema-Servicios'!D8=Leyenda!$B$13,"NO APLICA",)))) -> 0 | J8: =IF('Sistema-Servicios'!E8=Leyenda!$C$10,"ALTO",IF('Sistema-Servicios'!E8=Leyenda!$C$11,"MEDIO",IF('Sistema-Servicios'!E8=Leyenda!$C$12,"BAJO",IF('Sistema-Servicios'!E8=Leyenda!$B$13,"""NOAPLICA",)))) -> 0 | K8: =IF('Sistema-Servicios'!F8=Leyenda!$D$10,"ALTO",IF('Sistema-Servicios'!F8=Leyenda!$D$11,"MEDIO",IF('Sistema-Servicios'!F8=Leyenda!$D$12,"BAJO",IF('Sistema-Servicios'!F8=Leyenda!$B$13,"""NOAPLICA",)))) -> 0 | L8: =IF('Sistema-Servicios'!G8=Leyenda!$E$10,"ALTO",IF('Sistema-Servicios'!G8=Leyenda!$E$11,"MEDIO",IF('Sistema-Servicios'!G8=Leyenda!$E$12,"BAJO",))) -> 0 | M8: =IF('Sistema-Servicios'!H8=Leyenda!$F$10,"ALTO",IF('Sistema-Servicios'!H8=Leyenda!$F$11,"MEDIO",IF('Sistema-Servicios'!H8=Leyenda!$F$12,"BAJO",))) -> 0 | N8: =IF(OR(I8="ALTO",K8="ALTO",J8="ALTO",L8="ALTO",M8="ALTO"),"ALTO",IF(OR(I8="MEDIO",K8="MEDIO",J8="MEDIO",L8="MEDIO",M8="MEDIO",),"MEDIO","BAJO")) -> BAJO
A17: Firma Resp. Seguridad:
A18: Fecha:

Sheet Categorización Datos
A1: DATOS-INFORMACIÓN | B1: OBSERVACIONES | C1: D | D1: I | E1: C | F1: A | G1: T | H1: CATEGORIZACIÓN
A3: D-TD-GC]GESTION CLINICA | C3: MEDIO | D3: MEDIO | E3: MEDIO | F3: MEDIO | G3: MEDIO | H3: =IF(OR(C3="ALTO",D3="ALTO",E3="ALTO",F3="ALTO",G3="ALTO"),"ALTO",IF(OR(C3="MEDIO",D3="MEDIO",E3="MEDIO",F3="MEDIO",G3="MEDIO"),"MEDIO",IF(OR(C3="BAJO",D3="BAJO",E3="BAJO",F3="BAJO",G3="BAJO"),"BAJO","DESPRECIABLE"))) -> MEDIO
A4: [D-TD-GP]GESTION DE PERSONAS | C4: DESPRECIABLE | D4: DESPRECIABLE | E4: BAJO | F4: DESPRECIABLE | G4: DESPRECIABLE | H4: =IF(OR(C4="ALTO",D4="ALTO",E4="ALTO",F4="ALTO",G4="ALTO"),"ALTO",IF(OR(C4="MEDIO",D4="MEDIO",E4="MEDIO",F4="MEDIO",G4="MEDIO"),"MEDIO",IF(OR(C4="BAJO",D4="BAJO",E4="BAJO",F4="BAJO",G4="BAJO"),"BAJO","DESPRECIABLE"))) -> BAJO
A5: [D-TD-GF]GESTION FINANCIERA | C5: BAJO | D5: BAJO | E5: BAJO | F5: BAJO | G5: BAJO | H5: =IF(OR(C5="ALTO",D5="ALTO",E5="ALTO",F5="ALTO",G5="ALTO"),"ALTO",IF(OR(C5="MEDIO",D5="MEDIO",E5="MEDIO",F5="MEDIO",G5="MEDIO"),"MEDIO",IF(OR(C5="BAJO",D5="BAJO",E5="BAJO",F5="BAJO",G5="BAJO"),"BAJO","DESPRECIABLE"))) -> BAJO
A6: [D-TP-DEP] GESTIÓN CLÍNICA DEPARTAMENTAL | C6: BAJO | D6: DESPRECIABLE | E6: BAJO | F6: BAJO | G6: BAJO | H6: =IF(OR(C6="ALTO",D6="ALTO",E6="ALTO",F6="ALTO",G6="ALTO"),"ALTO",IF(OR(C6="MEDIO",D6="MEDIO",E6="MEDIO",F6="MEDIO",G6="MEDIO"),"MEDIO",IF(OR(C6="BAJO",D6="BAJO",E6="BAJO",F6="BAJO",G6="BAJO"),"BAJO","DESPRECIABLE"))) -> BAJO
A7: D-TD-ME]MEDICINA DE EMPRESA | C7: DESPRECIABLE | D7: DESPRECIABLE | E7: ALTO | F7: BAJO | G7: BAJO | H7: =IF(OR(C7="ALTO",D7="ALTO",E7="ALTO",F7="ALTO",G7="ALTO"),"ALTO",IF(OR(C7="MEDIO",D7="MEDIO",E7="MEDIO",F7="MEDIO",G7="MEDIO"),"MEDIO",IF(OR(C7="BAJO",D7="BAJO",E7="BAJO",F7="BAJO",G7="BAJO"),"BAJO","DESPRECIABLE"))) -> ALTO
A8: D-TD-NOM]NOMINAS | C8: BAJO | D8: MEDIO | E8: BAJO | F8: MEDIO | G8: DESPRECIABLE | H8: =IF(OR(C8="ALTO",D8="ALTO",E8="ALTO",F8="ALTO",G8="ALTO"),"ALTO",IF(OR(C8="MEDIO",D8="MEDIO",E8="MEDIO",F8="MEDIO",G8="MEDIO"),"MEDIO",IF(OR(C8="BAJO",D8="BAJO",E8="BAJO",F8="BAJO",G8="BAJO"),"BAJO","DESPRECIABLE"))) -> MEDIO
A9: [D-TP-OFI] DATOS DEPARTAMENTALES | C9: BAJO | D9: BAJO | E9: BAJO | F9: BAJO | G9: BAJO | H9: BAJO
A10: [D-TD-VID]VIDEOVIGILANCIA | C10: BAJO | D10: BAJO | E10: BAJO | F10: BAJO | G10: BAJO | H10: BAJO
G12: CATEGORIZACIÓN MAXIMA DATOS: | H12: =IF(OR(H3="ALTO",H4="ALTO",H5="ALTO",H6="ALTO",H7="ALTO", H8="ALTO",H9="ALTO",H10="ALTO"),"ALTO",IF(OR(H3="MEDIO",H4="MEDIO",H5="MEDIO",H6="MEDIO",H7="MEDIO",H8="MEDIO", H9="MEDIO",H10="MEDIO"),"MEDIO","BAJO")) -> ALTO
A15: [SIS-SIH] Sistema de Informacion Hospitalario | H15: =H12 -> ALTO
